"DESCRIPTION","DURATION IN MS","NAME","PARENT SUITE","START TIME","STATUS","STOP TIME","SUB SUITE","SUITE","TEST CLASS","TEST METHOD"
"Verify homepage category selection redirects to the clubs filtered by the chosen category","6702","[TC-6]","firefox","2026-06-29","failed","2026-06-29","Right redirection from home page","ui/filter-tests/filter-check-test.spec.ts","",""
"","6935","should display main club details","webkit","2026-06-29","passed","2026-06-29","Club details page","ui/club-tests/club-details-page.spec.ts","",""
"","15002","Verify that the ""Єдині"" challenge page contains ""Допомогти проєкту"" button with redirecting to the payment modal","webkit","2026-06-29","passed","2026-06-29","Payment Challenge","ui/help-tests/payment-challenge.spec.ts","",""
"","8086","Verify that team member names and roles are displayed correctly for all team members","chromium","2026-06-29","passed","2026-06-29","AboutUs team verification","ui/about-us-page.spec.ts","",""
"","10979","Navigate from Challenge page to a specific Task and interact with video @Lazur @E2E","firefox","2026-06-29","passed","2026-06-29","","ui/challenge-tests/navigate-challenge-task-video.spec.ts","",""
"","10156","TC-035: Verify that the club search returns correct results when searching by club name ""American Gymnastics Club"" @High","webkit","2026-06-29","failed","2026-06-29","Clubs Page - Search Functionality","ui/search-club.spec.ts","",""
"Verify that the clubs are located in the city selected in the City dropdown","21678","should display clubs in the particular city","webkit","2026-06-29","passed","2026-06-29","club-city-located","ui/club-tests/club-city-located.spec.ts","",""
"","7092","should display contact information","webkit","2026-06-29","passed","2026-06-29","Club details page","ui/club-tests/club-details-page.spec.ts","",""
"Verify the ""Зареєструватись"" button visibility and routing","5900","[TC-044]","webkit","2026-06-29","passed","2026-06-29","Challenge Page","ui/login-tests/sign-up-button.spec.ts","",""
"","8607","Verify that the ""Клуб української мови ""Розмовляй"""" challenge page contains ""Допомогти проєкту"" button with redirecting to the payment modal","chromium","2026-06-29","passed","2026-06-29","Payment Challenge","ui/help-tests/payment-challenge.spec.ts","",""
"","10203","tc-59: Verify the full user journey of browsing, reading, and navigating between multiple news articles","webkit","2026-06-29","passed","2026-06-29","news-navigation","ui/news-navigation.spec.ts","",""
"","5470","has title","chromium","2026-06-29","passed","2026-06-29","","ui/speak-ukrainian.example.spec.ts","",""
"Verify that the search bar filters clubs by the exact club name","7445","should search by exact hint name","chromium","2026-06-29","passed","2026-06-29","search-bar","ui/filter-tests/search-filter-by-hint.spec.ts","",""
"Verify that club information on the News page matches the original club card on the Club page","9220","should display club on the news page information","webkit","2026-06-29","passed","2026-06-29","news club information","ui/club-tests/club-club-details-information.spec.ts","",""
"Verify that the search bar filters clubs by the exact club name ","8173","should search by exact name","webkit","2026-06-29","passed","2026-06-29","search-bar","ui/filter-tests/search-filter-by-hint.spec.ts","",""
"","6399","Verify task details and embedded videos for task 73","firefox","2026-06-29","passed","2026-06-29","Challenge Task Page content pressnce","ui/challenge-tests/challenge-task-page.spec.ts","",""
"Verify that the clubs are located in the city selected in the City dropdown","10118","should display clubs in the particular city","chromium","2026-06-29","passed","2026-06-29","club-city-located","ui/club-tests/club-city-located.spec.ts","",""
"Verifies that the ""Help the Project"" button on a news article page is visible, enabled, and redirects the user to the correct donation URL.","14319","TC-07 Verify the functionality of the ""Help the Project"" button on a news article page","webkit","2026-06-29","passed","2026-06-29","Help the Project button","ui/help-tests/help-project-button.spec.ts","",""
"","13162","TC-034: Verify that clicking ""Залишити коментар"" and ""Відповісти"" buttons show the authentication modal for unauthorized users","webkit","2026-06-29","passed","2026-06-29","Club details page","ui/club-tests/club-details-page.spec.ts","",""
"","6397","Step 3 – Second FAQ item expands and reveals its content","webkit","2026-06-29","passed","2026-06-29","TC-030 Сhecking the functionality of the ""Services in Ukrainian"" page","ui/services-faq.spec.ts","",""
"","17463","TC-92: Verify navigation through sidebar tabs","firefox","2026-06-29","passed","2026-06-29","Profile Page Tests","ui/profile-page.spec.ts","",""
"","14914","Verify that the ""Клуб української мови ""Розмовляй"""" challenge page contains ""Допомогти проєкту"" button with redirecting to the payment modal","webkit","2026-06-29","passed","2026-06-29","Payment Challenge","ui/help-tests/payment-challenge.spec.ts","",""
"","5698","Step 1 – Service page loads correctly and FAQ items are visible and collapsed","chromium","2026-06-29","passed","2026-06-29","TC-030 Сhecking the functionality of the ""Services in Ukrainian"" page","ui/services-faq.spec.ts","",""
"","5874","Step 1 – Service page loads correctly and FAQ items are visible and collapsed","firefox","2026-06-29","passed","2026-06-29","TC-030 Сhecking the functionality of the ""Services in Ukrainian"" page","ui/services-faq.spec.ts","",""
"","12255","TC-91: Verify that Edit Profile button is displayed and clickable","chromium","2026-06-29","passed","2026-06-29","Profile Page Tests","ui/profile-page.spec.ts","",""
"","5730","get started link","firefox","2026-06-29","passed","2026-06-29","","ui/speak-ukrainian.example.spec.ts","",""
"Verify Social Media and Donation links routing on the Challenge page","7927","Verify Social Media and Donation links routing on the Challenge page","firefox","2026-06-29","passed","2026-06-29","TC-043","ui/social-info-test.spec.ts","",""
"","9849","Navigate from Challenge page to a specific Task and interact with video @Lazur @E2E","chromium","2026-06-29","passed","2026-06-29","","ui/challenge-tests/navigate-challenge-task-video.spec.ts","",""
"Verify that the search bar filters clubs by the exact club name ","7524","should search by exact name","firefox","2026-06-29","passed","2026-06-29","search-bar","ui/filter-tests/search-filter-by-hint.spec.ts","",""
"Verifies that the ""Help the Project"" button on a news article page is visible, enabled, and redirects the user to the correct donation URL.","7927","TC-07 Verify the functionality of the ""Help the Project"" button on a news article page","firefox","2026-06-29","passed","2026-06-29","Help the Project button","ui/help-tests/help-project-button.spec.ts","",""
"","6665","should display club action buttons and comments section","webkit","2026-06-29","passed","2026-06-29","Club details page","ui/club-tests/club-details-page.spec.ts","",""
"Verify that a registered user with confirmed email can sign in from the main page, the modal closes, and the header reflects the logged-in state.","10982","Sign In - Successful Login","webkit","2026-06-29","passed","2026-06-29","","ui/login-tests/sign-in-successful-login.spec.ts","",""
"","51","should add a new club with required data","webkit","2026-06-29","skipped","2026-06-29","tc-004-add-new-club","ui/club-tests/tc-004-add-new-club.spec.ts","",""
"","11645","TC-034: Verify that clicking ""Залишити коментар"" and ""Відповісти"" buttons show the authentication modal for unauthorized users","firefox","2026-06-29","passed","2026-06-29","Club details page","ui/club-tests/club-details-page.spec.ts","",""
"","5676","Step 2 – First FAQ item expands and reveals the answer text and arrow rotates","webkit","2026-06-29","passed","2026-06-29","TC-030 Сhecking the functionality of the ""Services in Ukrainian"" page","ui/services-faq.spec.ts","",""
"","11359","Verify that the ""Навчай українською"" challenge page contains ""Допомогти проєкту"" button with redirecting to the payment modal","firefox","2026-06-29","passed","2026-06-29","Payment Challenge","ui/help-tests/payment-challenge.spec.ts","",""
"Verifies that the Tasks Carousel on the Challenge page correctly navigates between slides using the next/prev arrows and pagination dots.","16141","TC-045 Verify the Tasks Carousel navigation (Arrows and Dots)","chromium","2026-06-29","failed","2026-06-29","Challenge page Tasks Carousel","ui/challenge-tests/challenge-carousel.spec.ts","",""
"","6198","Step 5 – Verify accordion behaviour when multiple items are clicked","chromium","2026-06-29","passed","2026-06-29","TC-030 Сhecking the functionality of the ""Services in Ukrainian"" page","ui/services-faq.spec.ts","",""
"","10942","Verify that the ""Єдині"" challenge page contains ""Допомогти проєкту"" button with redirecting to the payment modal","firefox","2026-06-29","passed","2026-06-29","Payment Challenge","ui/help-tests/payment-challenge.spec.ts","",""
"","8241","Verify that the News component displays the same news articles after navigating right and then left","webkit","2026-06-29","passed","2026-06-29","News page arrow navigation","ui/navigation-tests/news-arrow-navigation.spec.ts","",""
"Verify that a registered user with confirmed email can sign in from the main page, the modal closes, and the header reflects the logged-in state.","6454","Sign In - Successful Login","firefox","2026-06-29","passed","2026-06-29","","ui/login-tests/sign-in-successful-login.spec.ts","",""
"","5342","should display contact information","chromium","2026-06-29","passed","2026-06-29","Club details page","ui/club-tests/club-details-page.spec.ts","",""
"Verifies that the ""Help the Project"" button on a news article page is visible, enabled, and redirects the user to the correct donation URL.","8028","TC-07 Verify the functionality of the ""Help the Project"" button on a news article page","chromium","2026-06-29","passed","2026-06-29","Help the Project button","ui/help-tests/help-project-button.spec.ts","",""
"","12024","TC-034: Verify that clicking ""Залишити коментар"" and ""Відповісти"" buttons show the authentication modal for unauthorized users","chromium","2026-06-29","passed","2026-06-29","Club details page","ui/club-tests/club-details-page.spec.ts","",""
"","20009","TC-029: Verify that all navigation menu links redirect to the correct pages","webkit","2026-06-29","passed","2026-06-29","Header Navigation Tests","ui/navigation-tests/header-navigation.spec.ts","",""
"","437","should add a new club with required data","firefox","2026-06-29","skipped","2026-06-29","tc-004-add-new-club","ui/club-tests/tc-004-add-new-club.spec.ts","",""
"Critical E2E flow: sign in, open the first club from the clubs list, post a comment, and verify it appears without validation errors.","22075","E2E — Login → Clubs → Club Page → Post a Comment","webkit","2026-06-29","passed","2026-06-29","","ui/post-comment-e2e.spec.ts","",""
"","8722","Verify that the ""Єдині"" challenge page contains ""Допомогти проєкту"" button with redirecting to the payment modal","chromium","2026-06-29","passed","2026-06-29","Payment Challenge","ui/help-tests/payment-challenge.spec.ts","",""
"Verify that the clubs are located in the city selected in the City dropdown","8374","should search by hint category and exact name","webkit","2026-06-29","passed","2026-06-29","search-bar","ui/filter-tests/search-filter-by-hint.spec.ts","",""
"","5655","has title","firefox","2026-06-29","passed","2026-06-29","","ui/speak-ukrainian.example.spec.ts","",""
"","22512","TC-029: Verify that all navigation menu links redirect to the correct pages","chromium","2026-06-29","passed","2026-06-29","Header Navigation Tests","ui/navigation-tests/header-navigation.spec.ts","",""
"","5602","Step 2 – First FAQ item expands and reveals the answer text and arrow rotates","chromium","2026-06-29","passed","2026-06-29","TC-030 Сhecking the functionality of the ""Services in Ukrainian"" page","ui/services-faq.spec.ts","",""
"","8430","Verify that the News component displays the same news articles after navigating right and then left","firefox","2026-06-29","passed","2026-06-29","News page arrow navigation","ui/navigation-tests/news-arrow-navigation.spec.ts","",""
"","4468","Step 4 – Third FAQ item expands and reveals its content","chromium","2026-06-29","passed","2026-06-29","TC-030 Сhecking the functionality of the ""Services in Ukrainian"" page","ui/services-faq.spec.ts","",""
"","6099","get started link","webkit","2026-06-29","passed","2026-06-29","","ui/speak-ukrainian.example.spec.ts","",""
"","10136","Verify that the ""Мовомаратон"" challenge page contains ""Допомогти проєкту"" button with redirecting to the payment modal","firefox","2026-06-29","passed","2026-06-29","Payment Challenge","ui/help-tests/payment-challenge.spec.ts","",""
"","9228","Verify that the ""Навчай українською"" challenge page contains ""Допомогти проєкту"" button with redirecting to the payment modal","chromium","2026-06-29","passed","2026-06-29","Payment Challenge","ui/help-tests/payment-challenge.spec.ts","",""
"Verify that club information on the News page matches the original club card on the Club page","6937","should display club on the news page information","firefox","2026-06-29","passed","2026-06-29","news club information","ui/club-tests/club-club-details-information.spec.ts","",""
"Verifies that the Tasks Carousel on the Challenge page correctly navigates between slides using the next/prev arrows and pagination dots.","18492","TC-045 Verify the Tasks Carousel navigation (Arrows and Dots)","firefox","2026-06-29","failed","2026-06-29","Challenge page Tasks Carousel","ui/challenge-tests/challenge-carousel.spec.ts","",""
"","14523","tc-58: Verify that changing the global city redirects to clubs, and returning to news displays the updated sidebar","chromium","2026-06-29","passed","2026-06-29","news-navigation","ui/news-navigation.spec.ts","",""
"Verify that the search bar filters clubs by the exact club name","7177","should search by exact hint name","firefox","2026-06-29","passed","2026-06-29","search-bar","ui/filter-tests/search-filter-by-hint.spec.ts","",""
"","8029","tc-56: Verify pagination on the News page","webkit","2026-06-29","passed","2026-06-29","news-navigation","ui/news-navigation.spec.ts","",""
"","6715","should display comments section","webkit","2026-06-29","passed","2026-06-29","Club details page","ui/club-tests/club-details-page.spec.ts","",""
"","15792","TC-92: Verify navigation through sidebar tabs","webkit","2026-06-29","passed","2026-06-29","Profile Page Tests","ui/profile-page.spec.ts","",""
"","11809","TC-90: Verify that user profile information is displayed correctly","chromium","2026-06-29","passed","2026-06-29","Profile Page Tests","ui/profile-page.spec.ts","",""
"","13915","TC-90: Verify that user profile information is displayed correctly","firefox","2026-06-29","passed","2026-06-29","Profile Page Tests","ui/profile-page.spec.ts","",""
"Verify the ""Зареєструватись"" button visibility and routing","5308","[TC-044]","chromium","2026-06-29","passed","2026-06-29","Challenge Page","ui/login-tests/sign-up-button.spec.ts","",""
"","5991","Step 6 – Last FAQ item collapses on second click and arrow returns to original state","chromium","2026-06-29","passed","2026-06-29","TC-030 Сhecking the functionality of the ""Services in Ukrainian"" page","ui/services-faq.spec.ts","",""
"","10048","Navigate from Challenge page to a specific Task and interact with video @Lazur @E2E","webkit","2026-06-29","passed","2026-06-29","","ui/challenge-tests/navigate-challenge-task-video.spec.ts","",""
"Verify that the user can select a location in the advanced search for a centre type and filter by city and district.","24537","should display centres in the particular city","firefox","2026-06-29","passed","2026-06-29","club-advanced-search","ui/club-tests/club-advanced-search.spec.ts","",""
"","13133","TC-92: Verify navigation through sidebar tabs","chromium","2026-06-29","passed","2026-06-29","Profile Page Tests","ui/profile-page.spec.ts","",""
"","5790","Step 2 – First FAQ item expands and reveals the answer text and arrow rotates","firefox","2026-06-29","passed","2026-06-29","TC-030 Сhecking the functionality of the ""Services in Ukrainian"" page","ui/services-faq.spec.ts","",""
"Verify that the user can filter clubs with categories using hints in the search bar","6268","should search by hint category","firefox","2026-06-29","passed","2026-06-29","search-bar","ui/filter-tests/search-filter-by-hint.spec.ts","",""
"","7953","tc-59: Verify the full user journey of browsing, reading, and navigating between multiple news articles","firefox","2026-06-29","passed","2026-06-29","news-navigation","ui/news-navigation.spec.ts","",""
"","14716","tc-58: Verify that changing the global city redirects to clubs, and returning to news displays the updated sidebar","firefox","2026-06-29","passed","2026-06-29","news-navigation","ui/news-navigation.spec.ts","",""
"Verifies that the Tasks Carousel on the Challenge page correctly navigates between slides using the next/prev arrows and pagination dots.","18640","TC-045 Verify the Tasks Carousel navigation (Arrows and Dots)","webkit","2026-06-29","failed","2026-06-29","Challenge page Tasks Carousel","ui/challenge-tests/challenge-carousel.spec.ts","",""
"","6096","should display main club details","firefox","2026-06-29","passed","2026-06-29","Club details page","ui/club-tests/club-details-page.spec.ts","",""
"","5277","Step 3 – Second FAQ item expands and reveals its content","firefox","2026-06-29","passed","2026-06-29","TC-030 Сhecking the functionality of the ""Services in Ukrainian"" page","ui/services-faq.spec.ts","",""
"","8975","Verify that the ""Навчай українською челендж"" challenge page contains ""Допомогти проєкту"" button with redirecting to the payment modal","chromium","2026-06-29","passed","2026-06-29","Payment Challenge","ui/help-tests/payment-challenge.spec.ts","",""
"","7967","Verify that the News component displays the same news articles after navigating right and then left","chromium","2026-06-29","passed","2026-06-29","News page arrow navigation","ui/navigation-tests/news-arrow-navigation.spec.ts","",""
"","6918","TC-035: Verify that the club search returns correct results when searching by club name ""American Gymnastics Club"" @High","chromium","2026-06-29","failed","2026-06-29","Clubs Page - Search Functionality","ui/search-club.spec.ts","",""
"","15999","tc-58: Verify that changing the global city redirects to clubs, and returning to news displays the updated sidebar","webkit","2026-06-29","passed","2026-06-29","news-navigation","ui/news-navigation.spec.ts","",""
"Verifies that an unauthorized user who navigates to a club details page and clicks the ""Написати менеджеру"" button sees the authentication modal with the message ""Увійдіть або зареєструйтеся!!!"".","10187","TC-094 — Verify that clicking ""Написати менеджеру"" button shows the authentication modal for unauthorized users","webkit","2026-06-29","passed","2026-06-29","","ui/message-manager.spec.ts","",""
"","19","should add a new club with required data","chromium","2026-06-29","skipped","2026-06-29","tc-004-add-new-club","ui/club-tests/tc-004-add-new-club.spec.ts","",""
"","5269","get started link","chromium","2026-06-29","passed","2026-06-29","","ui/speak-ukrainian.example.spec.ts","",""
"Verifies that an unauthorized user who navigates to a club details page and clicks the ""Написати менеджеру"" button sees the authentication modal with the message ""Увійдіть або зареєструйтеся!!!"".","7782","TC-094 — Verify that clicking ""Написати менеджеру"" button shows the authentication modal for unauthorized users","firefox","2026-06-29","passed","2026-06-29","","ui/message-manager.spec.ts","",""
"","7252","tc-56: Verify pagination on the News page","firefox","2026-06-29","passed","2026-06-29","news-navigation","ui/news-navigation.spec.ts","",""
"Verify Social Media and Donation links routing on the Challenge page","10028","Verify Social Media and Donation links routing on the Challenge page","webkit","2026-06-29","passed","2026-06-29","TC-043","ui/social-info-test.spec.ts","",""
"","5277","should display contact information","firefox","2026-06-29","passed","2026-06-29","Club details page","ui/club-tests/club-details-page.spec.ts","",""
"Verify homepage category selection redirects to the clubs filtered by the chosen category","5564","[TC-6]","chromium","2026-06-29","failed","2026-06-29","Right redirection from home page","ui/filter-tests/filter-check-test.spec.ts","",""
"Filter clubs by city show appropriate results","10504","[TC-05]","webkit","2026-06-29","passed","2026-06-29","Filter clubs by city","ui/filter-tests/filter-by-city.spec.ts","",""
"","5604","Step 4 – Third FAQ item expands and reveals its content","webkit","2026-06-29","passed","2026-06-29","TC-030 Сhecking the functionality of the ""Services in Ukrainian"" page","ui/services-faq.spec.ts","",""
"Verify that club information on the News page matches the original club card on the Club page","6220","should display club on the news page information","chromium","2026-06-29","passed","2026-06-29","news club information","ui/club-tests/club-club-details-information.spec.ts","",""
"","6031","Step 1 – Service page loads correctly and FAQ items are visible and collapsed","webkit","2026-06-29","passed","2026-06-29","TC-030 Сhecking the functionality of the ""Services in Ukrainian"" page","ui/services-faq.spec.ts","",""
"Filter clubs by city show appropriate results","8492","[TC-05]","firefox","2026-06-29","passed","2026-06-29","Filter clubs by city","ui/filter-tests/filter-by-city.spec.ts","",""
"","6073","Step 3 – Second FAQ item expands and reveals its content","chromium","2026-06-29","passed","2026-06-29","TC-030 Сhecking the functionality of the ""Services in Ukrainian"" page","ui/services-faq.spec.ts","",""
"Verify the ""Зареєструватись"" button visibility and routing","4862","[TC-044]","firefox","2026-06-29","passed","2026-06-29","Challenge Page","ui/login-tests/sign-up-button.spec.ts","",""
"","23280","TC-029: Verify that all navigation menu links redirect to the correct pages","firefox","2026-06-29","passed","2026-06-29","Header Navigation Tests","ui/navigation-tests/header-navigation.spec.ts","",""
"","6918","Step 6 – Last FAQ item collapses on second click and arrow returns to original state","webkit","2026-06-29","passed","2026-06-29","TC-030 Сhecking the functionality of the ""Services in Ukrainian"" page","ui/services-faq.spec.ts","",""
"","4208","should display club action buttons and comments section","chromium","2026-06-29","passed","2026-06-29","Club details page","ui/club-tests/club-details-page.spec.ts","",""
"Verify that the clubs are located in the city selected in the City dropdown","5539","should search by hint category and exact name","firefox","2026-06-29","passed","2026-06-29","search-bar","ui/filter-tests/search-filter-by-hint.spec.ts","",""
"Verify that the user can select a location in the advanced search for a centre type and filter by city and district.","23951","should display centres in the particular city","chromium","2026-06-29","passed","2026-06-29","club-advanced-search","ui/club-tests/club-advanced-search.spec.ts","",""
"","10437","Verify that the ""Навчай українською челендж"" challenge page contains ""Допомогти проєкту"" button with redirecting to the payment modal","firefox","2026-06-29","passed","2026-06-29","Payment Challenge","ui/help-tests/payment-challenge.spec.ts","",""
"","7070","tc-56: Verify pagination on the News page","chromium","2026-06-29","passed","2026-06-29","news-navigation","ui/news-navigation.spec.ts","",""
"","15539","Verify that the ""Мовомаратон"" challenge page contains ""Допомогти проєкту"" button with redirecting to the payment modal","webkit","2026-06-29","passed","2026-06-29","Payment Challenge","ui/help-tests/payment-challenge.spec.ts","",""
"","6075","should display club action buttons and comments section","firefox","2026-06-29","passed","2026-06-29","Club details page","ui/club-tests/club-details-page.spec.ts","",""
"","5438","Verify task details and embedded videos for task 73","webkit","2026-06-29","passed","2026-06-29","Challenge Task Page content pressnce","ui/challenge-tests/challenge-task-page.spec.ts","",""
"","5354","Step 4 – Third FAQ item expands and reveals its content","firefox","2026-06-29","passed","2026-06-29","TC-030 Сhecking the functionality of the ""Services in Ukrainian"" page","ui/services-faq.spec.ts","",""
"Verify that the search bar filters clubs by the exact club name ","7831","should search by exact name","chromium","2026-06-29","passed","2026-06-29","search-bar","ui/filter-tests/search-filter-by-hint.spec.ts","",""
"","6497","Step 5 – Verify accordion behaviour when multiple items are clicked","firefox","2026-06-29","passed","2026-06-29","TC-030 Сhecking the functionality of the ""Services in Ukrainian"" page","ui/services-faq.spec.ts","",""
"","6154","Step 6 – Last FAQ item collapses on second click and arrow returns to original state","firefox","2026-06-29","passed","2026-06-29","TC-030 Сhecking the functionality of the ""Services in Ukrainian"" page","ui/services-faq.spec.ts","",""
"","7960","Step 5 – Verify accordion behaviour when multiple items are clicked","webkit","2026-06-29","passed","2026-06-29","TC-030 Сhecking the functionality of the ""Services in Ukrainian"" page","ui/services-faq.spec.ts","",""
"Verify homepage category selection redirects to the clubs filtered by the chosen category","7464","[TC-6]","webkit","2026-06-29","failed","2026-06-29","Right redirection from home page","ui/filter-tests/filter-check-test.spec.ts","",""
"","15075","Verify that the ""Навчай українською челендж"" challenge page contains ""Допомогти проєкту"" button with redirecting to the payment modal","webkit","2026-06-29","passed","2026-06-29","Payment Challenge","ui/help-tests/payment-challenge.spec.ts","",""
"","8982","Verify that team member names and roles are displayed correctly for all team members","firefox","2026-06-29","passed","2026-06-29","AboutUs team verification","ui/about-us-page.spec.ts","",""
"","15147","TC-91: Verify that Edit Profile button is displayed and clickable","webkit","2026-06-29","passed","2026-06-29","Profile Page Tests","ui/profile-page.spec.ts","",""
"Critical E2E flow: sign in, open the first club from the clubs list, post a comment, and verify it appears without validation errors.","14244","E2E — Login → Clubs → Club Page → Post a Comment","firefox","2026-06-29","passed","2026-06-29","","ui/post-comment-e2e.spec.ts","",""
"Verifies that an unauthorized user who navigates to a club details page and clicks the ""Написати менеджеру"" button sees the authentication modal with the message ""Увійдіть або зареєструйтеся!!!"".","7383","TC-094 — Verify that clicking ""Написати менеджеру"" button shows the authentication modal for unauthorized users","chromium","2026-06-29","passed","2026-06-29","","ui/message-manager.spec.ts","",""
"","17881","Verify that the ""Навчай українською"" challenge page contains ""Допомогти проєкту"" button with redirecting to the payment modal","webkit","2026-06-29","passed","2026-06-29","Payment Challenge","ui/help-tests/payment-challenge.spec.ts","",""
"","16825","TC-90: Verify that user profile information is displayed correctly","webkit","2026-06-29","passed","2026-06-29","Profile Page Tests","ui/profile-page.spec.ts","",""
"Filter clubs by city show appropriate results","7086","[TC-05]","chromium","2026-06-29","passed","2026-06-29","Filter clubs by city","ui/filter-tests/filter-by-city.spec.ts","",""
"","8792","TC-035: Verify that the club search returns correct results when searching by club name ""American Gymnastics Club"" @High","firefox","2026-06-29","failed","2026-06-29","Clubs Page - Search Functionality","ui/search-club.spec.ts","",""
"Verify that the search bar filters clubs by the exact club name","8450","should search by exact hint name","webkit","2026-06-29","passed","2026-06-29","search-bar","ui/filter-tests/search-filter-by-hint.spec.ts","",""
"Verify that the user can select a location in the advanced search for a centre type and filter by city and district.","28805","should display centres in the particular city","webkit","2026-06-29","passed","2026-06-29","club-advanced-search","ui/club-tests/club-advanced-search.spec.ts","",""
"","15055","TC-93: Verify that Add button is displayed in My Clubs section","firefox","2026-06-29","passed","2026-06-29","Profile Page Tests","ui/profile-page.spec.ts","",""
"Critical E2E flow: sign in, open the first club from the clubs list, post a comment, and verify it appears without validation errors.","11270","E2E — Login → Clubs → Club Page → Post a Comment","chromium","2026-06-29","passed","2026-06-29","","ui/post-comment-e2e.spec.ts","",""
"","10485","Verify that the ""Клуб української мови ""Розмовляй"""" challenge page contains ""Допомогти проєкту"" button with redirecting to the payment modal","firefox","2026-06-29","passed","2026-06-29","Payment Challenge","ui/help-tests/payment-challenge.spec.ts","",""
"","9688","tc-59: Verify the full user journey of browsing, reading, and navigating between multiple news articles","chromium","2026-06-29","passed","2026-06-29","news-navigation","ui/news-navigation.spec.ts","",""
"Verify that the clubs are located in the city selected in the City dropdown","5539","should search by hint category and exact name","chromium","2026-06-29","passed","2026-06-29","search-bar","ui/filter-tests/search-filter-by-hint.spec.ts","",""
"","12243","TC-93: Verify that Add button is displayed in My Clubs section","chromium","2026-06-29","passed","2026-06-29","Profile Page Tests","ui/profile-page.spec.ts","",""
"","4494","should display comments section","chromium","2026-06-29","passed","2026-06-29","Club details page","ui/club-tests/club-details-page.spec.ts","",""
"","4224","should display main club details","chromium","2026-06-29","passed","2026-06-29","Club details page","ui/club-tests/club-details-page.spec.ts","",""
"Verify Social Media and Donation links routing on the Challenge page","7337","Verify Social Media and Donation links routing on the Challenge page","chromium","2026-06-29","passed","2026-06-29","TC-043","ui/social-info-test.spec.ts","",""
"","5178","should display comments section","firefox","2026-06-29","passed","2026-06-29","Club details page","ui/club-tests/club-details-page.spec.ts","",""
"","6540","Verify task details and embedded videos for task 73","chromium","2026-06-29","passed","2026-06-29","Challenge Task Page content pressnce","ui/challenge-tests/challenge-task-page.spec.ts","",""
"Verify that the clubs are located in the city selected in the City dropdown","12840","should display clubs in the particular city","firefox","2026-06-29","passed","2026-06-29","club-city-located","ui/club-tests/club-city-located.spec.ts","",""
"","16771","TC-93: Verify that Add button is displayed in My Clubs section","webkit","2026-06-29","passed","2026-06-29","Profile Page Tests","ui/profile-page.spec.ts","",""
"","5794","has title","webkit","2026-06-29","passed","2026-06-29","","ui/speak-ukrainian.example.spec.ts","",""
"Verify that a registered user with confirmed email can sign in from the main page, the modal closes, and the header reflects the logged-in state.","5762","Sign In - Successful Login","chromium","2026-06-29","passed","2026-06-29","","ui/login-tests/sign-in-successful-login.spec.ts","",""
"","13725","TC-91: Verify that Edit Profile button is displayed and clickable","firefox","2026-06-29","passed","2026-06-29","Profile Page Tests","ui/profile-page.spec.ts","",""
"","8879","Verify that the ""Мовомаратон"" challenge page contains ""Допомогти проєкту"" button with redirecting to the payment modal","chromium","2026-06-29","passed","2026-06-29","Payment Challenge","ui/help-tests/payment-challenge.spec.ts","",""
"Verify that the user can filter clubs with categories using hints in the search bar","7713","should search by hint category","webkit","2026-06-29","passed","2026-06-29","search-bar","ui/filter-tests/search-filter-by-hint.spec.ts","",""
"","17526","Verify that team member names and roles are displayed correctly for all team members","webkit","2026-06-29","passed","2026-06-29","AboutUs team verification","ui/about-us-page.spec.ts","",""
"Verify that the user can filter clubs with categories using hints in the search bar","5549","should search by hint category","chromium","2026-06-29","passed","2026-06-29","search-bar","ui/filter-tests/search-filter-by-hint.spec.ts","",""
